date,평화홀딩스,평화산업,대영포장,한솥홈데코,월비스
2025-04-04,0,0,0,0,0
2025-04-05,0,0,0,0,0
2025-04-06,0,0,0,0,0
2025-04-07,0,0,0,0,0
2025-04-08,0,0,0,0,0
2025-04-09,0,0,0,0,0
2025-04-10,0,0,0,0,0
2025-04-11,0,0,0,0,0
2025-04-12,0,0,0,0,0
2025-04-13,0,0,0,0,0
2025-04-14,0,0,0,0,0
2025-04-15,0,0,0,0,0
2025-04-16,0,0,0,0,0
2025-04-17,0,0,0,0,0
2025-04-18,0,0,0,0,0
2025-04-19,0,0,0,0,0
2025-04-20,0,0,0,0,0
2025-04-21,0,0,0,0,0
2025-04-22,0,0,0,0,0
2025-04-23,0,0,0,0,0
2025-04-24,0,0,0,0,0
2025-04-25,0,0,0,0,0
2025-04-26,0,0,0,0,0
2025-04-27,0,0,0,0,0
2025-04-28,0,100,0,0,0
2025-04-29,81,0,0,0,0
2025-04-30,0,0,0,0,0
2025-05-01,0,0,0,0,0
2025-05-02,0,0,0,0,0
2025-05-03,0,0,0,0,0
2025-05-04,0,0,0,0,0
2025-05-05,0,0,0,0,0
2025-05-06,0,0,0,0,0
2025-05-07,0,0,0,0,0
2025-05-08,0,0,0,0,0
2025-05-09,0,0,0,0,0
2025-05-10,0,0,0,0,0
2025-05-11,0,0,0,0,0
2025-05-12,0,0,0,0,0
2025-05-13,68,0,0,0,0
2025-05-14,0,0,0,0,0
2025-05-15,0,0,0,0,0
2025-05-16,0,0,0,0,0
2025-05-17,0,0,0,0,0
2025-05-18,0,0,0,0,0
2025-05-19,0,0,0,0,0
2025-05-20,0,0,0,0,0
2025-05-21,0,0,0,0,0
2025-05-22,0,0,0,0,0
2025-05-23,0,0,0,0,0
2025-05-24,0,0,0,0,0
2025-05-25,0,0,0,0,0
2025-05-26,0,0,0,0,0
2025-05-27,0,0,0,0,0
2025-05-28,0,0,0,0,0
2025-05-29,0,0,0,0,0
2025-05-30,0,0,0,0,0
2025-05-31,0,0,0,0,0
2025-06-01,0,0,0,0,0
2025-06-02,0,0,0,0,0
2025-06-03,0,0,0,0,0
2025-06-04,0,0,0,0,0
2025-06-05,0,0,0,0,0
2025-06-06,0,0,0,0,0
2025-06-07,0,0,0,0,0
2025-06-08,0,0,0,0,0
2025-06-09,0,0,0,0,0
2025-06-10,0,0,0,0,0
2025-06-11,6,6,0,0,5
