단어,빈도,점수,빈도정규화,유사도점수,최종점수
상반기,27,-0.5882,0.9999999615384629,-0.2,-0.1929
일시,23,-1.0,0.8461538136094686,-0.2,-0.4708
비교,21,-0.2727,0.7692307396449716,-0.2,-0.0498
감축,19,-1.0,0.6923076656804744,-1.0,-0.6615
인하다,17,-0.4167,0.6153845917159773,-1.0,-0.3269
포인트,15,-0.3043,0.5384615177514801,-0.2,-0.1149
영향,14,-0.3333,0.49999998076923147,-1.0,-0.3
제외,14,-0.2727,0.49999998076923147,-0.2,-0.1036
년도,14,0.0,0.49999998076923147,-0.2,0.06
스캔,13,-0.8571,0.4615384437869829,-0.2,-0.462
회계,13,0.1034,0.4615384437869829,-0.2,0.1143
항목,13,-0.2381,0.4615384437869829,-1.0,-0.2506
미치다,13,-0.7333,0.4615384437869829,-0.7190107274472669,-0.4915
인력,12,-0.8462,0.4230769068047343,-0.2,-0.4631
경고,10,-1.0,0.3461538328402372,-0.2,-0.5708
추정,10,-0.1111,0.3461538328402372,-0.2,-0.0374
지난해,9,0.4,0.30769229585798863,-0.2,0.2615
감원,9,-0.8,0.30769229585798863,-1.0,-0.6185
인원,9,-1.0,0.30769229585798863,-0.2,-0.5785
현금,8,0.36,0.26923075887574005,-0.2,0.2298
연도,8,0.1111,0.26923075887574005,-0.2,0.0805
중단,8,-1.0,0.26923075887574005,-0.2,-0.5862
마감,8,-0.2308,0.26923075887574005,-1.0,-0.2846
지속,8,0.3043,0.26923075887574005,-0.2,0.1964
라우,8,0.0588,0.26923075887574005,0.7143,0.232
오후,8,-0.6,0.26923075887574005,-1.0,-0.5062
수요,8,0.3846,0.26923075887574005,-0.2,0.2446
낮다,8,-0.2308,0.26923075887574005,-0.2,-0.1246
핀에어,8,0.3043,0.26923075887574005,-0.2,0.1964
상황,8,-0.2308,0.26923075887574005,-0.2,-0.1246
판매량,7,0.5484,0.23076922189349144,-0.2,0.3352
분기,7,0.3333,0.23076922189349144,-1.0,0.0461
승객,7,0.2222,0.23076922189349144,-0.2,0.1395
발트해,7,0.0667,0.23076922189349144,0.3333,0.1528
폐쇄,7,-0.75,0.23076922189349144,-1.0,-0.6038
거의,7,-0.4,0.23076922189349144,-0.2,-0.2338
비경,7,-0.5556,0.23076922189349144,-0.2,-0.3272
월간,7,0.3913,0.23076922189349144,-0.2,0.2409
코네,7,0.44,0.23076922189349144,-0.2,0.2702
줄이다,7,-0.4,0.23076922189349144,-0.2,-0.2338
스토,7,0.0,0.23076922189349144,0.05260236971147544,0.0567
마이너스,7,-0.1667,0.23076922189349144,0.0,-0.0539
점유,7,0.3,0.23076922189349144,0.5,0.3262
보이다,7,0.4615,0.23076922189349144,-0.2,0.2831
일자리,7,-0.4,0.23076922189349144,-0.2,-0.2338
수준,7,0.3913,0.23076922189349144,-0.2,0.2409
타루,6,0.1429,0.1923076849112429,-0.2,0.0842
최고,6,0.5,0.1923076849112429,0.5,0.4385
엔소,6,0.0,0.1923076849112429,-0.2,-0.0015
그것,6,0.0769,0.1923076849112429,-0.2,0.0446
종료,6,-0.5,0.1923076849112429,-0.2,-0.3015
문제,6,-1.0,0.1923076849112429,-0.6,-0.6815
치르다,6,-0.5,0.1923076849112429,-1.0,-0.4615
세금,6,-0.0909,0.1923076849112429,-0.6,-0.1361
잃다,6,-1.0,0.1923076849112429,-0.2,-0.6015
발생,6,0.0,0.1923076849112429,-1.0,-0.1615
이후,6,0.1429,0.1923076849112429,-0.2,0.0842
주택,6,-0.3333,0.1923076849112429,-0.2,-0.2015
경쟁,6,0.3684,0.1923076849112429,-0.10000000000000002,0.2395
엘코텍,6,0.0769,0.1923076849112429,-0.2,0.0446
탈렌툼,6,-0.3333,0.1923076849112429,-0.2,-0.2015
덧붙이다,6,0.0,0.1923076849112429,-0.2,-0.0015
수오미,6,-0.0909,0.1923076849112429,-1.0,-0.2161
변동,6,-0.7143,0.1923076849112429,-0.2,-0.4301
상당하다,6,0.5,0.1923076849112429,-1.0,0.1385
에스토니아,6,0.1429,0.1923076849112429,0.0,0.1242
고용,5,-0.1111,0.15384614792899431,-1.0,-0.2359
사이,5,-0.4286,0.15384614792899431,-0.3333,-0.2931
반복,5,0.3333,0.15384614792899431,-0.2,0.1907
줄다,5,0.375,0.15384614792899431,-0.2,0.2158
매일,5,-1.0,0.15384614792899431,-0.2,-0.6092
흐름,5,0.5238,0.15384614792899431,-0.2,0.305
줄어들다,5,-1.0,0.15384614792899431,-1.0,-0.7692
근로자,5,-1.0,0.15384614792899431,0.0,-0.5692
낮아지다,5,-1.0,0.15384614792899431,-0.39428,-0.6481
노선,5,-0.25,0.15384614792899431,-0.6,-0.2392
파업,5,-0.6667,0.15384614792899431,-0.2,-0.4093
기준,5,0.2857,0.15384614792899431,-0.2,0.1622
전자제품,5,0.0909,0.15384614792899431,-0.2,0.0453
인쇄,5,0.1667,0.15384614792899431,-1.0,-0.0692
크게,5,0.2308,0.15384614792899431,-0.6,0.0492
높다,5,0.5455,0.15384614792899431,-0.2,0.3181
설명,5,-0.25,0.15384614792899431,-0.2,-0.1592
적다,5,-0.25,0.15384614792899431,-0.2,-0.1592
보험,5,0.3333,0.15384614792899431,0.0,0.2307
들다,5,0.1667,0.15384614792899431,-1.0,-0.0692
경우,5,-0.6667,0.15384614792899431,-0.2,-0.4093
철강,5,0.2308,0.15384614792899431,-0.2,0.1292
중간,5,-0.25,0.15384614792899431,-1.0,-0.3192
오른,5,0.5,0.15384614792899431,-0.2,0.2908
절반,5,-1.0,0.15384614792899431,-1.0,-0.7692
없다,5,-0.25,0.15384614792899431,-0.2,-0.1592
투자자,5,0.0909,0.15384614792899431,-0.2,0.0453
조정,5,0.4444,0.15384614792899431,0.16881916185390097,0.3312
수입,5,0.1667,0.15384614792899431,-0.2,0.0908
수치,5,0.5,0.15384614792899431,-0.2,0.2908
취소,4,-0.6,0.11538461094674572,-0.2,-0.3769
베다,4,0.1111,0.11538461094674572,-0.2,0.0497
건물,4,-0.1429,0.11538461094674572,-0.2,-0.1027
라트비아,4,0.2,0.11538461094674572,-0.2,0.1031
라팔,4,0.3333,0.11538461094674572,-0.2,0.1831
제시,4,-0.6,0.11538461094674572,-0.2,-0.3769
하향,4,-1.0,0.11538461094674572,-0.2,-0.6169
무역,4,0.1111,0.11538461094674572,-0.2,0.0497
스톡홀름,4,-0.3333,0.11538461094674572,-0.3333,-0.2436
상치,4,-0.1429,0.11538461094674572,-1.0,-0.2627
통화,4,-0.6,0.11538461094674572,-0.2,-0.3769
운항,4,-0.1429,0.11538461094674572,-0.6,-0.1827
월요일,4,-0.3333,0.11538461094674572,-0.2,-0.2169
상태,4,0.0,0.11538461094674572,-1.0,-0.1769
특허,4,-0.6,0.11538461094674572,0.0,-0.3369
소매,4,0.5294,0.11538461094674572,-0.2,0.3007
애널,4,-0.1429,0.11538461094674572,-0.2,-0.1027
여명,4,-1.0,0.11538461094674572,-0.2,-0.6169
리스트,4,-0.1429,0.11538461094674572,0.0,-0.0627
바이오,4,0.2727,0.11538461094674572,0.5556,0.2978
인사,4,-1.0,0.11538461094674572,-1.0,-0.7769
사용자,4,0.2,0.11538461094674572,-0.2,0.1031
스포츠,4,0.5,0.11538461094674572,-0.2,0.2831
생산량,4,0.1111,0.11538461094674572,-0.2,0.0497
시행,4,-1.0,0.11538461094674572,-0.2,-0.6169
필요하다,4,0.1111,0.11538461094674572,-0.2,0.0497
약세,4,-0.6,0.11538461094674572,-0.6,-0.4569
부담,4,-0.3333,0.11538461094674572,-0.2,-0.2169
사람,4,0.1111,0.11538461094674572,-0.2,0.0497
지급,4,-0.6,0.11538461094674572,-0.2,-0.3769
항공,4,0.1111,0.11538461094674572,0.1892511458850129,0.1276
프레,4,-0.6,0.11538461094674572,0.0,-0.3369
최저,4,-0.6,0.11538461094674572,-0.2,-0.3769
품목,4,-1.0,0.11538461094674572,-1.0,-0.7769
입다,4,0.3333,0.11538461094674572,-1.0,0.0231
이루어지다,4,-0.1429,0.11538461094674572,-0.39428,-0.1415
발령,4,-1.0,0.11538461094674572,-0.6,-0.6969
주의,4,-1.0,0.11538461094674572,-1.0,-0.7769
지출,4,-0.3333,0.11538461094674572,-0.2,-0.2169
약간,4,0.2,0.11538461094674572,-1.0,-0.0569
식품,4,0.3846,0.11538461094674572,0.3846,0.3308
위협,4,-1.0,0.11538461094674572,-0.2,-0.6169
희다,4,0.4286,0.11538461094674572,-0.2,0.2402
거래량,4,-1.0,0.11538461094674572,-0.2,-0.6169
부정,4,-1.0,0.11538461094674572,-0.2,-0.6169
전의,4,-0.3333,0.11538461094674572,-0.2,-0.2169
항공사,4,0.3333,0.11538461094674572,0.1111,0.2453
탁스,4,-1.0,0.11538461094674572,-0.6,-0.6969
최근,4,0.3333,0.11538461094674572,-0.2,0.1831
퀄컴,4,-1.0,0.11538461094674572,-0.2,-0.6169
이자,4,0.4286,0.11538461094674572,-0.2,0.2402
당초,4,-1.0,0.11538461094674572,-0.2,-0.6169
낮추다,4,-0.6,0.11538461094674572,0.8333000000000002,-0.1703
공정,4,0.4667,0.11538461094674572,-0.2,0.2631
내리다,4,-1.0,0.11538461094674572,-0.2,-0.6169
추산,4,0.2727,0.11538461094674572,-0.2,0.1467
센트,3,-1.0,0.07692307396449716,0.4286,-0.4989
약하다,3,-1.0,0.07692307396449716,-0.2,-0.6246
독일,3,0.3333,0.07692307396449716,-0.2,0.1754
선박,3,0.4,0.07692307396449716,-0.2,0.2154
사의,3,-0.2,0.07692307396449716,-0.2,-0.1446
뱅크,3,-0.2,0.07692307396449716,-0.2,-0.1446
페이퍼,3,0.0,0.07692307396449716,-0.2,-0.0246
많다,3,0.4545,0.07692307396449716,-1.0,0.0881
벽난로,3,-0.5,0.07692307396449716,-0.2,-0.3246
용량,3,0.5714,0.07692307396449716,-0.2,0.3182
미만,3,-0.5,0.07692307396449716,-0.2,-0.3246
낸셜,3,0.25,0.07692307396449716,-1.0,-0.0346
실망,3,-1.0,0.07692307396449716,-0.2,-0.6246
오전,3,0.4,0.07692307396449716,-0.2,0.2154
노르웨이,3,0.5714,0.07692307396449716,-0.2,0.3182
항구,3,0.25,0.07692307396449716,-0.2,0.1254
부의,3,0.25,0.07692307396449716,-0.2,0.1254
넘다,3,0.0,0.07692307396449716,-1.0,-0.1846
타격,3,-1.0,0.07692307396449716,-0.2,-0.6246
반환,3,-1.0,0.07692307396449716,-0.2,-0.6246
가을,3,0.1429,0.07692307396449716,-0.2,0.0611
카르,3,-0.2,0.07692307396449716,-1.0,-0.3046
얼음,3,-0.5,0.07692307396449716,-0.2,-0.3246
난방,3,-0.2,0.07692307396449716,-0.2,-0.1446
케미,3,0.4,0.07692307396449716,-0.2,0.2154
지적,3,-0.2,0.07692307396449716,-0.2,-0.1446
배관,3,-0.5,0.07692307396449716,-0.2,-0.3246
용의자,3,-1.0,0.07692307396449716,-0.2,-0.6246
중순,3,-0.5,0.07692307396449716,-0.2,-0.3246
이러하다,3,0.4,0.07692307396449716,-0.2,0.2154
단체,3,0.0,0.07692307396449716,-0.2,-0.0246
열리다,3,0.0,0.07692307396449716,-0.2,-0.0246
여객선,3,-0.5,0.07692307396449716,0.3333,-0.218
적자,3,0.0,0.07692307396449716,-0.2,-0.0246
임시,3,-0.5,0.07692307396449716,-1.0,-0.4846
실시,3,-1.0,0.07692307396449716,-0.2,-0.6246
구조조정,3,0.3333,0.07692307396449716,0.49136326715466094,0.3136
키메,3,-1.0,0.07692307396449716,-0.6,-0.7046
정상,3,-0.2,0.07692307396449716,0.3333,-0.038
제지,3,0.5,0.07692307396449716,-1.0,0.1154
수출,3,0.4545,0.07692307396449716,-1.0,0.0881
벌금,3,-1.0,0.07692307396449716,-0.2,-0.6246
밑돌,3,-1.0,0.07692307396449716,-0.2,-0.6246
영구,3,-0.5,0.07692307396449716,-0.2,-0.3246
나다,3,-0.5,0.07692307396449716,0.0,-0.2846
급락,3,-1.0,0.07692307396449716,-0.2,-0.6246
대상,3,-0.2,0.07692307396449716,-1.0,-0.3046
주간,3,-0.5,0.07692307396449716,-1.0,-0.4846
이마리,3,-0.2,0.07692307396449716,0.5,-0.0046
소비자,3,0.3333,0.07692307396449716,0.6667,0.3487
금속,3,0.6842,0.07692307396449716,-0.2,0.3859
산림,3,0.625,0.07692307396449716,-0.2,0.3504
변화,3,0.0,0.07692307396449716,-0.2,-0.0246
이르렀다,3,-1.0,0.07692307396449716,-0.2,-0.6246
파이,3,0.3333,0.07692307396449716,0.3333,0.282
정리해고,3,-1.0,0.07692307396449716,-0.2,-0.6246
대부분,3,0.1429,0.07692307396449716,0.4286,0.1868
모회사,3,-1.0,0.07692307396449716,-1.0,-0.7846
겪다,3,-1.0,0.07692307396449716,-1.0,-0.7846
아트리아,3,0.5,0.07692307396449716,0.5,0.4154
삼포,3,0.1429,0.07692307396449716,-0.2,0.0611
공고,3,-0.2,0.07692307396449716,-0.2,-0.1446
내다,3,-0.5,0.07692307396449716,-0.5,-0.3846
해지,3,-1.0,0.07692307396449716,0.0,-0.5846
국제,3,0.6,0.07692307396449716,-0.2,0.3354
살로,3,0.0,0.07692307396449716,0.0,0.0154
톰슨,3,0.0,0.07692307396449716,-1.0,-0.1846
반면,3,0.1429,0.07692307396449716,-0.2,0.0611
맥주,3,0.7143,0.07692307396449716,-0.2,0.404
국내,3,0.3333,0.07692307396449716,-0.2,0.1754
게다가,3,0.25,0.07692307396449716,-0.6,0.0454
개량,3,-1.0,0.07692307396449716,-0.2,-0.6246
오리온,3,0.25,0.07692307396449716,-0.2,0.1254
작년,3,0.4545,0.07692307396449716,-1.0,0.0881
대출,3,-0.2,0.07692307396449716,-0.2,-0.1446
노조,3,-0.5,0.07692307396449716,-0.2,-0.3246
교통,3,0.4,0.07692307396449716,0.3333,0.322
노마,3,0.0,0.07692307396449716,-0.2,-0.0246
확대,3,0.7143,0.07692307396449716,-0.2,0.404
전력,3,0.0,0.07692307396449716,-0.2,-0.0246
불확실,3,-1.0,0.07692307396449716,-1.0,-0.7846
올해,3,0.7,0.07692307396449716,-0.2,0.3954
도의,3,-0.2,0.07692307396449716,0.0,-0.1046
펄프,3,0.6,0.07692307396449716,-0.2,0.3354
조치,3,0.6,0.07692307396449716,-0.2,0.3354
마키,3,-0.5,0.07692307396449716,-0.2,-0.3246
유로화,3,-1.0,0.07692307396449716,-0.2,-0.6246
강세,3,0.3333,0.07692307396449716,-0.2,0.1754
실라,3,-0.5,0.07692307396449716,-0.2,-0.3246
티스,3,0.1429,0.07692307396449716,-0.2,0.0611
탐페레,3,-0.5,0.07692307396449716,-0.2,-0.3246
포장재,3,-1.0,0.07692307396449716,0.3333,-0.518
티카,3,-0.5,0.07692307396449716,0.0,-0.2846
물티슈,3,-0.2,0.07692307396449716,-1.0,-0.3046
인하,3,-1.0,0.07692307396449716,-0.4167,-0.668
망치,3,-0.2,0.07692307396449716,-1.0,-0.3046
수가,3,0.0,0.07692307396449716,-0.2,-0.0246
보도,3,0.4545,0.07692307396449716,-0.2,0.2481
사무직,3,-1.0,0.07692307396449716,0.19980040415147948,-0.5447
인상,3,0.3333,0.07692307396449716,-0.2,0.1754
링크,3,-0.2,0.07692307396449716,-0.2,-0.1446
자동화,2,0.4286,0.03846153698224858,0.33330000000000004,0.3315
우려,2,-0.3333,0.03846153698224858,-0.6,-0.3123
수익률,2,0.3333,0.03846153698224858,0.3333,0.2743
릴리,2,-0.3333,0.03846153698224858,0.0,-0.1923
사인,2,0.4286,0.03846153698224858,-0.2,0.2249
공구,2,0.0,0.03846153698224858,-1.0,-0.1923
카이로,2,-1.0,0.03846153698224858,0.0,-0.5923
허다,2,0.0,0.03846153698224858,-0.2,-0.0323
여행,2,-1.0,0.03846153698224858,-0.6,-0.7123
포장,2,0.3333,0.03846153698224858,-1.0,0.0077
주의보,2,-1.0,0.03846153698224858,-1.0,-0.7923
레알,2,-1.0,0.03846153698224858,-0.2,-0.6323
일간,2,-1.0,0.03846153698224858,-0.6,-0.7123
핀라인스,2,-0.3333,0.03846153698224858,-0.2,-0.2323
식기,2,-0.3333,0.03846153698224858,-0.2,-0.2323
생산자,2,-0.3333,0.03846153698224858,-0.2,-0.2323
급격하다,2,-1.0,0.03846153698224858,-0.2,-0.6323
중복,2,-0.3333,0.03846153698224858,-1.0,-0.3923
어려움,2,-1.0,0.03846153698224858,-0.2,-0.6323
재정,2,0.2,0.03846153698224858,-0.2,0.0877
포레,2,0.2,0.03846153698224858,-0.2,0.0877
발견,2,-0.3333,0.03846153698224858,-0.2,-0.2323
목요일,2,0.4286,0.03846153698224858,-0.2,0.2249
동사,2,0.6364,0.03846153698224858,-0.2,0.3495
첸코프,2,0.0,0.03846153698224858,-0.2,-0.0323
측정,2,0.6667,0.03846153698224858,-0.2,0.3677
대다,2,0.7647,0.03846153698224858,-0.2,0.4265
오르다,2,0.7647,0.03846153698224858,-0.2,0.4265
이어지다,2,0.4286,0.03846153698224858,-0.39428,0.186
카고텍,2,0.7143,0.03846153698224858,-0.6,0.3163
매우,2,0.8095,0.03846153698224858,-1.0,0.2934
장기,2,0.8261,0.03846153698224858,-0.2,0.4634
탈린,2,0.4286,0.03846153698224858,-1.0,0.0649
소식,2,-1.0,0.03846153698224858,-0.2,-0.6323
부대,2,-1.0,0.03846153698224858,-0.2,-0.6323
수행,2,0.2,0.03846153698224858,-0.6,0.0077
광산,2,0.4286,0.03846153698224858,-0.2,0.2249
고려,2,-0.3333,0.03846153698224858,-1.0,-0.3923
금지,2,-1.0,0.03846153698224858,-0.2,-0.6323
확인,2,0.2,0.03846153698224858,-0.2,0.0877
걱정,2,-1.0,0.03846153698224858,-1.0,-0.7923
제철소,2,-1.0,0.03846153698224858,-0.2,-0.6323
히트,2,0.5,0.03846153698224858,-0.2,0.2677
작업,2,0.4286,0.03846153698224858,-0.2,0.2249
연합,2,-0.3333,0.03846153698224858,-0.3333,-0.2589
란스,2,0.0,0.03846153698224858,-1.0,-0.1923
신규,2,0.6364,0.03846153698224858,-0.2,0.3495
패키징,2,0.3333,0.03846153698224858,-0.2,0.1677
수주,2,0.871,0.03846153698224858,-0.2,0.4903
기존,2,0.6923,0.03846153698224858,-0.2,0.3831
주인,2,0.3333,0.03846153698224858,-0.2,0.1677
상표,2,-0.3333,0.03846153698224858,-0.2,-0.2323
적재,2,-1.0,0.03846153698224858,-0.2,-0.6323
의결권,2,0.0,0.03846153698224858,-0.2,-0.0323
스턴,2,-0.3333,0.03846153698224858,-0.2,-0.2323
시장점유율,2,0.5,0.03846153698224858,0.3,0.3677
지연,2,-1.0,0.03846153698224858,-0.2,-0.6323
주로,2,0.0,0.03846153698224858,-0.2,-0.0323
진단,2,0.2,0.03846153698224858,-0.2,0.0877
이탈리아,2,0.0,0.03846153698224858,0.0,0.0077
휩싸이다,2,-1.0,0.03846153698224858,-0.2,-0.6323
크레인,2,0.6,0.03846153698224858,0.0,0.3677
플렉시블,2,0.2,0.03846153698224858,0.2,0.1677
전자부품,2,-1.0,0.03846153698224858,-1.0,-0.7923
화요일,2,0.5,0.03846153698224858,-0.2,0.2677
부서,2,0.3333,0.03846153698224858,-0.2,0.1677
취급,2,0.4286,0.03846153698224858,-1.0,0.0649
네스,2,0.7143,0.03846153698224858,-0.2,0.3963
마리,2,0.5,0.03846153698224858,-0.2,0.2677
메코,2,0.4286,0.03846153698224858,-0.2,0.2249
추세,2,0.0,0.03846153698224858,-0.2,-0.0323
충전기,2,0.0,0.03846153698224858,0.6667,0.141
살콤프,2,0.0,0.03846153698224858,-0.2,-0.0323
하비,2,0.0,0.03846153698224858,-0.2,-0.0323
섬유,2,0.5,0.03846153698224858,-0.2,0.2677
카르텔,2,-1.0,0.03846153698224858,-0.2,-0.6323
혐의,2,0.0,0.03846153698224858,-1.0,-0.1923
딜러,2,0.2,0.03846153698224858,-0.2,0.0877
지난주,2,-1.0,0.03846153698224858,-0.2,-0.6323
지금,2,0.0,0.03846153698224858,-0.2,-0.0323
상대,2,0.0,0.03846153698224858,-0.2,-0.0323
변경,2,0.0,0.03846153698224858,-1.0,-0.1923
코퍼레이션,2,0.6667,0.03846153698224858,0.6667,0.5411
감산,2,-1.0,0.03846153698224858,-0.2,-0.6323
스웨덴인,2,-1.0,0.03846153698224858,-0.2,-0.6323
조사,2,0.2,0.03846153698224858,0.0,0.1277
거부,2,-1.0,0.03846153698224858,-0.2,-0.6323
사이트,2,-0.3333,0.03846153698224858,-0.42860000000000004,-0.278
가공,2,0.5,0.03846153698224858,-1.0,0.1077
사기,2,-1.0,0.03846153698224858,-0.2,-0.6323
약속,2,0.0,0.03846153698224858,-0.2,-0.0323
예약,2,0.3333,0.03846153698224858,-0.2,0.1677
토르니오,2,-1.0,0.03846153698224858,-0.2,-0.6323
트레일러,2,-1.0,0.03846153698224858,-0.2,-0.6323
가능하다,2,0.3333,0.03846153698224858,0.7143,0.3505
가족,2,-1.0,0.03846153698224858,-0.6,-0.7123
유나이티드,2,-1.0,0.03846153698224858,0.5,-0.4923
루키,2,0.75,0.03846153698224858,-1.0,0.2577
용지,2,0.4286,0.03846153698224858,-0.2,0.2249
니아,2,-1.0,0.03846153698224858,-1.0,-0.7923
총수,2,-1.0,0.03846153698224858,-0.2,-0.6323
보트,2,0.2,0.03846153698224858,-0.2,0.0877
미끄러지다,2,-1.0,0.03846153698224858,-0.39428,-0.6712
지멘스,2,0.6,0.03846153698224858,-0.2,0.3277
마진,2,0.5,0.03846153698224858,-0.2,0.2677
가인,2,-1.0,0.03846153698224858,-0.2,-0.6323
다만,2,0.5,0.03846153698224858,-0.2,0.2677
마케팅,2,0.4286,0.03846153698224858,-0.2,0.2249
최고경영자,2,0.5,0.03846153698224858,0.35,0.3777
건수,2,-1.0,0.03846153698224858,-0.6,-0.7123
코스,2,0.2,0.03846153698224858,0.2,0.1677
출판사,2,-1.0,0.03846153698224858,-1.0,-0.7923
원자재,2,0.2,0.03846153698224858,-1.0,-0.0723
부분,2,0.4286,0.03846153698224858,0.1429,0.2934
좌석,2,-0.3333,0.03846153698224858,-0.2,-0.2323
충분하다,2,0.2,0.03846153698224858,-0.2,0.0877
경찰,2,-1.0,0.03846153698224858,-0.2,-0.6323
분투,2,-1.0,0.03846153698224858,-0.2,-0.6323
곱다,2,-0.3333,0.03846153698224858,-0.2,-0.2323
런던,2,0.5,0.03846153698224858,-0.2,0.2677
과잉,2,-1.0,0.03846153698224858,-0.2,-0.6323
자동차,2,0.3333,0.03846153698224858,0.4286,0.2934
위축,2,-0.3333,0.03846153698224858,-0.6,-0.3123
이뤄지다,2,0.0,0.03846153698224858,-0.39428,-0.0712
캐피털,2,-1.0,0.03846153698224858,-0.2,-0.6323
매니지먼트,2,-1.0,0.03846153698224858,-0.2,-0.6323
부과,2,-1.0,0.03846153698224858,-0.2,-0.6323
둔화,2,-1.0,0.03846153698224858,-0.2,-0.6323
롤라,2,-1.0,0.03846153698224858,0.0,-0.5923
연장,2,0.2,0.03846153698224858,-0.2,0.0877
잡지사,2,-1.0,0.03846153698224858,0.3333,-0.5256
행정,2,-1.0,0.03846153698224858,-0.2,-0.6323
해외,2,0.4286,0.03846153698224858,-0.2,0.2249
옥메,2,0.4286,0.03846153698224858,-0.2,0.2249
운송,2,0.5556,0.03846153698224858,-1.0,0.1411
페리,2,0.0,0.03846153698224858,-0.6,-0.1123
노르딕,2,0.6923,0.03846153698224858,-0.2,0.3831
갇히다,2,-1.0,0.03846153698224858,-0.2,-0.6323
연결,2,0.6364,0.03846153698224858,0.6364,0.5168
매장,2,0.3333,0.03846153698224858,-0.2,0.1677
코카콜라,2,-0.3333,0.03846153698224858,-0.3333,-0.2589
스케,2,0.2,0.03846153698224858,-0.2,0.0877
소의,2,-0.3333,0.03846153698224858,-1.0,-0.3923
제재,2,-1.0,0.03846153698224858,-0.2,-0.6323
업무,2,-0.3333,0.03846153698224858,-0.2,-0.2323
공동,2,0.2,0.03846153698224858,-0.2,0.0877
절감,2,0.8824,0.03846153698224858,-0.2,0.4971
실제,2,-0.3333,0.03846153698224858,-0.2,-0.2323
봉급생활자,2,-1.0,0.03846153698224858,-0.2,-0.6323
보험사,2,0.0,0.03846153698224858,0.3333,0.0744
화물,2,0.5556,0.03846153698224858,-1.0,0.1411
바이,2,0.5556,0.03846153698224858,0.2727,0.3956
퍼센트,2,0.4286,0.03846153698224858,-1.0,0.0649
투르쿠,2,-0.3333,0.03846153698224858,-0.2,-0.2323
종이,2,0.5556,0.03846153698224858,-0.2,0.3011
보상금,2,-1.0,0.03846153698224858,0.0,-0.5923
칼라,2,-0.3333,0.03846153698224858,-1.0,-0.3923
수수료,2,0.2,0.03846153698224858,-0.6,0.0077
유닛,2,-1.0,0.03846153698224858,-0.2,-0.6323
성과,2,0.6667,0.03846153698224858,-0.2,0.3677
인터넷,2,0.4286,0.03846153698224858,0.0,0.2649
리터,2,0.75,0.03846153698224858,-0.2,0.4177
유동성,2,-0.3333,0.03846153698224858,-0.2,-0.2323
프랑크푸르트,2,-1.0,0.03846153698224858,-0.46208035527419217,-0.6847
광대역,2,0.6,0.03846153698224858,-0.2,0.3277
국경,2,-1.0,0.03846153698224858,-0.2,-0.6323
강철,2,0.2,0.03846153698224858,-0.6,0.0077
단위,2,-1.0,0.03846153698224858,-0.2,-0.6323
고정,2,0.2,0.03846153698224858,-0.2,0.0877
소가,2,-0.3333,0.03846153698224858,-0.2,-0.2323
교통량,2,0.3333,0.03846153698224858,0.39999999999999997,0.2877
지난달,2,-0.3333,0.03846153698224858,-0.6,-0.3123
경영,2,0.2,0.03846153698224858,0.5,0.2277
기대하다,2,0.6364,0.03846153698224858,-0.2,0.3495
현행,2,-1.0,0.03846153698224858,-1.0,-0.7923
몇몇,2,-1.0,0.03846153698224858,-0.2,-0.6323
급감,2,-1.0,0.03846153698224858,-0.2,-0.6323
프리넷,2,-1.0,0.03846153698224858,0.0,-0.5923
앞서,2,0.4286,0.03846153698224858,-0.2,0.2249
포리,2,-1.0,0.03846153698224858,-0.2,-0.6323
효과,2,0.6923,0.03846153698224858,-0.2,0.3831
글라스,2,0.0,0.03846153698224858,-1.0,-0.1923
유리,2,0.6,0.03846153698224858,-0.2,0.3277
갈다,2,-0.3333,0.03846153698224858,-0.2,-0.2323
기본,2,-0.3333,0.03846153698224858,-1.0,-0.3923
조직,2,0.2,0.03846153698224858,-1.0,-0.0723
서부,2,-0.3333,0.03846153698224858,-0.6,-0.3123
블루,2,-0.3333,0.03846153698224858,-0.2,-0.2323
돌다,2,0.0,0.03846153698224858,-0.2,-0.0323
시험,2,-1.0,0.03846153698224858,-1.0,-0.7923
중인,2,0.3333,0.03846153698224858,-1.0,0.0077
스미스,2,-1.0,0.03846153698224858,-0.2,-0.6323
신축,2,-1.0,0.03846153698224858,-1.0,-0.7923
파운드,2,0.2,0.03846153698224858,-0.2,0.0877
노야,2,-0.3333,0.03846153698224858,-0.2,-0.2323
필요성,2,-1.0,0.03846153698224858,-0.2,-0.6323
참가자,2,-1.0,0.03846153698224858,-0.2,-0.6323
목재,2,0.3333,0.03846153698224858,-0.2,0.1677
계산,2,-1.0,0.03846153698224858,-0.2,-0.6323
등급,2,-0.3333,0.03846153698224858,-0.2,-0.2323
구매,2,0.5556,0.03846153698224858,-1.0,0.1411
주유소,2,-1.0,0.03846153698224858,-0.6,-0.7123
바스키,2,-1.0,0.03846153698224858,0.08561435447488669,-0.5752
테크,2,0.0,0.03846153698224858,0.6667,0.141
노동자,2,-1.0,0.03846153698224858,-0.4142135623730951,-0.6752
지스,2,0.0,0.03846153698224858,-0.2,-0.0323
나스,2,-0.3333,0.03846153698224858,0.0028947348308825233,-0.1917
합의,2,0.75,0.03846153698224858,-0.2,0.4177
남부,2,0.2,0.03846153698224858,-0.2,0.0877
자신,2,0.5,0.03846153698224858,-0.2,0.2677
훔치다,2,-1.0,0.03846153698224858,-0.644070888457453,-0.7211
집계,2,0.0,0.03846153698224858,-0.2,-0.0323
모두,2,0.7143,0.03846153698224858,-0.2,0.3963
대규모,2,0.3333,0.03846153698224858,-0.2,0.1677
가구,2,-0.3333,0.03846153698224858,-1.0,-0.3923
환경,2,0.5,0.03846153698224858,0.0,0.3077
아스포콤프,2,0.0,0.03846153698224858,-1.0,-0.1923
진행,2,0.6,0.03846153698224858,-1.0,0.1677
조달,2,0.5,0.03846153698224858,-0.2,0.2677
폐쇄할,2,-1.0,0.03846153698224858,-0.875,-0.7673
클릭,2,-1.0,0.03846153698224858,-0.2,-0.6323
고용계약,2,-1.0,0.03846153698224858,-1.0,-0.7923
오울루,2,-1.0,0.03846153698224858,-0.2,-0.6323
청구,1,-1.0,0.0,-0.2,-0.64
골드,1,-1.0,0.0,0.0,-0.6
상회,1,0.6,0.0,-0.2,0.32
관계,1,0.7778,0.0,0.0,0.4667
조정은,1,0.0,0.0,0.3988788781232732,0.0798
기적,1,-1.0,0.0,-0.2,-0.64
분기점,1,-1.0,0.0,0.3333,-0.5333
손익,1,-1.0,0.0,-0.2,-0.64
폭락,1,-1.0,0.0,-0.2,-0.64
삭스,1,-1.0,0.0,0.0,-0.6
텔레,1,0.5,0.0,0.5,0.4
해양,1,0.3333,0.0,-0.2,0.16
주리,1,-1.0,0.0,-1.0,-0.8
삼다,1,-1.0,0.0,-1.0,-0.8
이외,1,-1.0,0.0,-0.2,-0.64
악화,1,-1.0,0.0,-0.2,-0.64
일관,1,0.0,0.0,-1.0,-0.2
근거,1,-1.0,0.0,-1.0,-0.8
더욱,1,0.875,0.0,-0.2,0.485
상무부,1,-1.0,0.0,0.19673663436981978,-0.5607
아기,1,-1.0,0.0,-0.2,-0.64
하늘,1,-1.0,0.0,-0.2,-0.64
예측,1,0.75,0.0,-0.2,0.41
스마트폰,1,0.6,0.0,-1.0,0.16
니켈,1,0.7143,0.0,-0.2,0.3886
임산물,1,-1.0,0.0,-0.2,-0.64
미래,1,0.6667,0.0,-0.2,0.36
바람,1,-1.0,0.0,-0.2,-0.64
석유,1,0.6,0.0,-0.2,0.32
위기,1,-1.0,0.0,-1.0,-0.8
애쉴리,1,-1.0,0.0,-0.2,-0.64
완공,1,0.6667,0.0,-0.6,0.28
끌다,1,0.6667,0.0,0.0,0.4
연결하다,1,0.0,0.0,0.6364,0.1273
모으다,1,-1.0,0.0,-0.2,-0.64
관세,1,0.0,0.0,-0.2,-0.04
울보,1,-1.0,0.0,-0.6,-0.72
리가,1,0.0,0.0,-0.2,-0.04
연례,1,0.3333,0.0,-0.2,0.16
펜스,1,-1.0,0.0,-0.2,-0.64
수의,1,0.0,0.0,-0.6,-0.12
총회,1,0.0,0.0,-0.6,-0.12
구리,1,0.0,0.0,-0.2,-0.04
비넨,1,-1.0,0.0,-0.6,-0.72
낭비하다,1,-1.0,0.0,-0.2,-0.64
자원,1,0.7143,0.0,-0.2,0.3886
힘드다,1,-1.0,0.0,-0.2,-0.64
트래픽,1,0.0,0.0,-0.2,-0.04
신호,1,-1.0,0.0,-0.2,-0.64
당분간,1,0.3333,0.0,-0.2,0.16
알려지다,1,0.6,0.0,-0.39428,0.2811
유코,1,-1.0,0.0,-0.2,-0.64
오이지,1,0.0,0.0,-0.2,-0.04
우프,1,-1.0,0.0,-0.2,-0.64
알리다,1,0.0,0.0,-1.0,-0.2
법정,1,-1.0,0.0,-0.2,-0.64
어둡다,1,-1.0,0.0,-0.2,-0.64
신문인,1,-1.0,0.0,0.3333,-0.5333
툴레,1,-1.0,0.0,-0.2,-0.64
시시각각,1,-1.0,0.0,-1.0,-0.8
비난,1,-1.0,0.0,-0.2,-0.64
수스,1,-1.0,0.0,-0.2,-0.64
독자,1,0.0,0.0,-0.2,-0.04
수리,1,0.0,0.0,-0.2,-0.04
주변,1,0.0,0.0,-0.2,-0.04
매매,1,0.0,0.0,-0.2,-0.04
엘리베이터,1,0.8333,0.0,0.0,0.5
청사,1,-1.0,0.0,-0.2,-0.64
메이클,1,-1.0,0.0,-0.2,-0.64
달러화,1,-1.0,0.0,-0.2,-0.64
확보,1,0.7778,0.0,-0.2,0.4267
아르셀로미탈,1,-1.0,0.0,-1.0,-0.8
평균,1,0.7143,0.0,-1.0,0.2286
유로넥스트,1,-1.0,0.0,-0.2,-0.64
파리,1,-1.0,0.0,-0.2,-0.64
스톨,1,-1.0,0.0,-0.2,-0.64
영국,1,0.8333,0.0,-0.2,0.46
정상화,1,0.3333,0.0,-0.2,0.16
농업,1,0.0,0.0,-0.2,-0.04
의하다,1,0.6,0.0,-1.0,0.16
나타나다,1,0.5,0.0,0.0,0.3
해주다,1,0.75,0.0,-0.2,0.41
빡빡,1,-1.0,0.0,-0.6,-0.72
주파수,1,0.0,0.0,-0.2,-0.04
연말,1,0.3333,0.0,-0.2,0.16
성사,1,-1.0,0.0,-1.0,-0.8
뉴욕,1,-1.0,0.0,-1.0,-0.8
평가절하,1,-1.0,0.0,-1.0,-0.8
상선,1,-1.0,0.0,-0.2,-0.64
아파트,1,0.6,0.0,0.0,0.36
노자,1,-1.0,0.0,-0.2,-0.64
루슈,1,-1.0,0.0,-0.2,-0.64
투키,1,-1.0,0.0,-0.2,-0.64
무스,1,-1.0,0.0,-0.2,-0.64
생명,1,-1.0,0.0,-1.0,-0.8
설문조사,1,0.0,0.0,0.0,0.0
미흡하다,1,-1.0,0.0,-0.2,-0.64
분양,1,0.3333,0.0,-0.2,0.16
두껍다,1,-1.0,0.0,-1.0,-0.8
란드,1,-1.0,0.0,-0.5333007086102141,-0.7067
살라,1,0.5,0.0,-0.2,0.26
틀다,1,0.3333,0.0,-0.2,0.16
밉다,1,0.6667,0.0,-0.2,0.36
저렴하다,1,0.5,0.0,-0.2,0.26
이제,1,0.8462,0.0,-0.2,0.4677
해결,1,0.5,0.0,-0.2,0.26
지면,1,-1.0,0.0,-0.2,-0.64
넷엘러,1,-1.0,0.0,-1.0,-0.8
처음,1,0.5,0.0,-0.2,0.26
단순하다,1,-1.0,0.0,-0.2,-0.64
임박,1,-1.0,0.0,-0.2,-0.64
집행,1,0.0,0.0,-1.0,-0.2
위원회,1,0.3333,0.0,-1.0,-0.0
알리,1,-1.0,0.0,0.0,-0.6
리프트,1,0.3333,0.0,0.0,0.2
유효하다,1,-1.0,0.0,-0.2,-0.64
티센크루프,1,-1.0,0.0,-0.2,-0.64
내일,1,-1.0,0.0,-0.2,-0.64
여기,1,-1.0,0.0,-0.2,-0.64
생각,1,0.6667,0.0,-0.2,0.36
생수,1,-1.0,0.0,-1.0,-0.8
무시,1,-1.0,0.0,-0.2,-0.64
렘버,1,-1.0,0.0,-0.6,-0.72
프로스트,1,-1.0,0.0,0.0,-0.6
팔다,1,-1.0,0.0,-0.2,-0.64
방법,1,0.75,0.0,0.0,0.45
붕괴,1,-1.0,0.0,-0.2,-0.64
잠식,1,-1.0,0.0,-1.0,-0.8
우량,1,-1.0,0.0,-0.2,-0.64
따라서,1,0.3333,0.0,-0.2,0.16
이끌다,1,0.0,0.0,0.6667,0.1333
오스,1,0.0,0.0,-1.0,-0.2
영화관,1,-1.0,0.0,-0.2,-0.64
제기,1,0.0,0.0,-1.0,-0.2
라미,1,0.8182,0.0,-0.2,0.4509
불만,1,-1.0,0.0,-0.2,-0.64
서류,1,-1.0,0.0,-1.0,-0.8
렌트,1,0.8182,0.0,0.0,0.4909
탕감,1,-1.0,0.0,-0.2,-0.64
법원,1,0.0,0.0,-1.0,-0.2
흑자,1,0.0,0.0,-0.2,-0.04
해직,1,-1.0,0.0,-0.6,-0.72
정책,1,0.5,0.0,-1.0,0.1
배정,1,-1.0,0.0,-0.2,-0.64
초과근무,1,-1.0,0.0,-1.0,-0.8
금요일,1,0.7143,0.0,-1.0,0.2286
발언,1,0.0,0.0,-1.0,-0.2
요인,1,-1.0,0.0,-0.2,-0.64
잔고,1,-1.0,0.0,-0.2,-0.64
상품,1,0.6667,0.0,-0.2,0.36
미화,1,0.3333,0.0,-0.2,0.16
조직개편,1,-1.0,0.0,0.1,-0.58
과정,1,0.6,0.0,-0.2,0.32
발트,1,0.3333,0.0,0.0667,0.2133
터치스크린,1,-1.0,0.0,-0.2,-0.64
모델,1,0.7143,0.0,-0.2,0.3886
출시,1,0.7778,0.0,-0.2,0.4267
지지,1,-1.0,0.0,-0.2,-0.64
부진하다,1,-1.0,0.0,-1.0,-0.8
갤러릭스,1,-1.0,0.0,-1.0,-0.8
성장하다,1,0.9,0.0,-0.2,0.5
작다,1,0.0,0.0,-0.2,-0.04
치다,1,-1.0,0.0,-0.5777666666666667,-0.7156
언급,1,0.6667,0.0,-0.2,0.36
조건,1,0.6,0.0,-1.0,0.16
시중,1,-1.0,0.0,-0.2,-0.64
만기,1,0.0,0.0,-0.2,-0.04
실리콘,1,0.75,0.0,-0.2,0.41
웨이퍼,1,0.7143,0.0,-0.2,0.3886
완료,1,0.6667,0.0,-0.2,0.36
나은,1,0.6,0.0,-0.2,0.32
검토,1,0.6,0.0,-0.2,0.32
접수,1,0.0,0.0,-0.2,-0.04
드리다,1,0.0,0.0,-0.2,-0.04
해산,1,-1.0,0.0,-1.0,-0.8
추구,1,0.3333,0.0,-0.2,0.16
희망,1,0.3333,0.0,-0.2,0.16
포기,1,-1.0,0.0,-0.2,-0.64
계절,1,-1.0,0.0,-0.2,-0.64
베스티,1,-1.0,0.0,0.0,-0.6
동월,1,0.0,0.0,-0.2,-0.04
토대,1,0.0,0.0,-0.2,-0.04
백화점,1,0.7143,0.0,-0.2,0.3886
트릭,1,0.3333,0.0,-0.2,0.16
오포르,1,-1.0,0.0,-1.0,-0.8
그리말디,1,0.0,0.0,-0.2,-0.04
운송량,1,-1.0,0.0,0.5556,-0.4889
선두,1,0.7778,0.0,-0.6,0.3467
장치,1,0.5,0.0,-0.2,0.26
여객,1,0.3333,0.0,-0.5,0.1
킬로미터,1,0.6,0.0,-0.2,0.32
측면,1,0.0,0.0,-1.0,-0.2
반토막,1,-1.0,0.0,-0.6,-0.72
바스,1,0.7143,0.0,-1.0,0.2286
웨어,1,0.7143,0.0,0.0,0.4286
압프,1,0.0,0.0,-0.2,-0.04
컴포넌타,1,0.5,0.0,0.2962223907940337,0.3592
별도,1,0.0,0.0,-0.2,-0.04
공시,1,-1.0,0.0,-0.2,-0.64
악사,1,-1.0,0.0,-1.0,-0.8
시티,1,0.0,0.0,-0.2,-0.04
대폭,1,-1.0,0.0,-0.2,-0.64
개다,1,-1.0,0.0,-0.2,-0.64
휴대전화,1,0.6,0.0,-0.2,0.32
자사,1,0.7778,0.0,-0.2,0.4267
컨설팅,1,0.6667,0.0,-0.2,0.36
잇다,1,-1.0,0.0,-0.2,-0.64
가까이,1,0.5,0.0,-0.2,0.26
테크놀로지,1,0.6667,0.0,0.0,0.4
급량,1,-1.0,0.0,-0.2,-0.64
구독,1,-1.0,0.0,-0.2,-0.64
이직,1,0.0,0.0,-0.2,-0.04
심화,1,-1.0,0.0,-0.2,-0.64
하바,1,0.0,0.0,-1.0,-0.2
살다,1,0.6667,0.0,-0.2,0.36
물량,1,0.7143,0.0,-0.2,0.3886
저조하다,1,-1.0,0.0,-0.2,-0.64
버리다,1,0.0,0.0,-0.6,-0.12
생명과학,1,-1.0,0.0,-1.0,-0.8
펀드,1,0.5,0.0,-0.2,0.26
지시,1,-1.0,0.0,-0.2,-0.64
신주,1,-1.0,0.0,-0.2,-0.64
투표,1,0.0,0.0,-0.2,-0.04
통지,1,-1.0,0.0,-0.2,-0.64
외부,1,0.0,0.0,-0.2,-0.04
이티,1,0.5,0.0,-1.0,0.1
인쇄소,1,-1.0,0.0,0.1667,-0.5667
프린트,1,-1.0,0.0,-0.2,-0.64
섹터,1,-1.0,0.0,-0.2,-0.64
양조,1,-1.0,0.0,0.3333,-0.5333
올비,1,0.7143,0.0,-0.2,0.3886
장악,1,0.3333,0.0,-0.2,0.16
뉴스룸,1,-1.0,0.0,-0.2,-0.64
워드,1,0.0,0.0,-0.2,-0.04
비슷하다,1,0.6667,0.0,-0.2,0.36
게시,1,-1.0,0.0,-0.2,-0.64
원금,1,-1.0,0.0,-0.2,-0.64
수반,1,-1.0,0.0,-0.2,-0.64
글리스텐,1,0.0,0.0,0.0,0.0
무색,1,-1.0,0.0,-0.2,-0.64
초반,1,-1.0,0.0,-0.2,-0.64
마켓,1,0.5,0.0,-0.2,0.26
워치,1,0.0,0.0,-0.2,-0.04
반등,1,0.0,0.0,-0.2,-0.04
상쇄하,1,-1.0,0.0,-0.2,-0.64
엔터프라이즈,1,0.0,0.0,-1.0,-0.2
이해,1,0.3333,0.0,-1.0,-0.0
판결,1,0.0,0.0,-1.0,-0.2
베스타,1,-1.0,0.0,0.75,-0.45
겨울,1,-1.0,0.0,-0.2,-0.64
리조트,1,0.0,0.0,-1.0,-0.2
리지,1,0.3333,0.0,-0.6,0.08
경기,1,-1.0,0.0,-0.2,-0.64
가뭄,1,-1.0,0.0,-0.2,-0.64
점점,1,0.0,0.0,-0.2,-0.04
어려워지다,1,-1.0,0.0,-0.39428,-0.6789
상트페테르부르크,1,0.8182,0.0,-0.2,0.4509
재활용,1,0.7143,0.0,0.7778000000000002,0.5841
원가,1,0.0,0.0,-0.2,-0.04
보스,1,-1.0,0.0,-0.2,-0.64
회장,1,0.75,0.0,-0.2,0.41
트뤼,1,-1.0,0.0,-0.2,-0.64
육류,1,0.0,0.0,-1.0,-0.2
판사,1,-1.0,0.0,-1.0,-0.8
국산,1,-1.0,0.0,-0.2,-0.64
쇠고기,1,-1.0,0.0,-0.2,-0.64
덕분,1,0.6667,0.0,-0.2,0.36
예전,1,-1.0,0.0,-0.6,-0.72
경쟁력,1,0.8,0.0,-0.18368073340043156,0.4433
효율,1,0.9394,0.0,-0.2,0.5236
아쉽다,1,-1.0,0.0,-0.2,-0.64
단행,1,-1.0,0.0,-0.2,-0.64
폐기물,1,0.5,0.0,-0.2,0.26
청소,1,-1.0,0.0,-0.2,-0.64
특정,1,0.0,0.0,-0.2,-0.04
브라질,1,0.8,0.0,-0.2,0.44
연방,1,0.5,0.0,-0.6,0.18
지오,1,0.5,0.0,-0.2,0.26
컴포지트,1,0.0,0.0,0.28954829841187674,0.0579
엑셀,1,0.0,0.0,-0.2,-0.04
배럴,1,-1.0,0.0,-0.2,-0.64
이견,1,-1.0,0.0,-0.2,-0.64
양사,1,0.3333,0.0,-0.2,0.16
핵심,1,0.7778,0.0,-1.0,0.2667
라이선스,1,0.7143,0.0,-0.14284999999999998,0.4
만료,1,-1.0,0.0,-0.6,-0.72
임금,1,-1.0,0.0,-0.2,-0.64
이유,1,0.0,0.0,-0.2,-0.04
루키그룹,1,-1.0,0.0,-1.0,-0.8
실패하다,1,-1.0,0.0,-0.2,-0.64
나오다,1,-1.0,0.0,-0.2,-0.64
삼성,1,-1.0,0.0,-0.2,-0.64
볼티모어,1,0.0,0.0,0.0,0.0
소방,1,-1.0,0.0,-0.2,-0.64
펜션,1,-1.0,0.0,-0.6,-0.72
반하넨,1,-1.0,0.0,-1.0,-0.8
총리,1,0.0,0.0,-0.2,-0.04
북쪽,1,-1.0,0.0,-0.2,-0.64
라흐티,1,-1.0,0.0,-0.2,-0.64
블라디미르,1,0.0,0.0,-0.2,-0.04
푸틴,1,-1.0,0.0,-0.2,-0.64
대통령,1,0.0,0.0,-0.2,-0.04
회담,1,0.0,0.0,-0.2,-0.04
기자,1,-1.0,0.0,-1.0,-0.8
도착,1,0.0,0.0,-0.2,-0.04
극도,1,-1.0,0.0,-1.0,-0.8
피해,1,-1.0,0.0,-0.2,-0.64
중소기업,1,-1.0,0.0,-0.2,-0.64
자금난,1,-1.0,0.0,-0.2,-0.64
가능성,1,0.7143,0.0,0.3333,0.4952
둘러싸다,1,-1.0,0.0,-0.2,-0.64
로열티,1,-1.0,0.0,-0.2,-0.64
트칩,1,-1.0,0.0,-0.2,-0.64
더럼,1,-1.0,0.0,-0.2,-0.64
양호,1,0.6667,0.0,-0.2,0.36
문구,1,0.3333,0.0,-0.2,0.16
선물,1,0.3333,0.0,-0.2,0.16
가게,1,0.0,0.0,-0.2,-0.04
갈레,1,-1.0,0.0,-0.2,-0.64
릭스,1,-1.0,0.0,-1.0,-0.8
어제,1,0.8333,0.0,-0.2,0.46
운전자,1,0.0,0.0,-1.0,-0.2
남겨지다,1,-1.0,0.0,-0.39428,-0.6789
총구,1,-1.0,0.0,-0.2,-0.64
들이다,1,0.5,0.0,0.0,0.3
대고,1,-1.0,0.0,-0.2,-0.64
강제,1,-1.0,0.0,-0.2,-0.64
운전,1,-1.0,0.0,0.0,-0.6
트루먼,1,-1.0,0.0,-0.2,-0.64
관리자,1,0.0,0.0,-1.0,-0.2
아일랜드,1,0.0,0.0,-0.5,-0.1
통신망,1,-1.0,0.0,-0.2,-0.64
남다,1,0.0,0.0,-0.2,-0.04
불안하다,1,-1.0,0.0,-0.2,-0.64
경로,1,0.0,0.0,-0.2,-0.04
영공,1,-1.0,0.0,-0.2,-0.64
결항,1,-1.0,0.0,-0.2,-0.64
재개,1,0.0,0.0,-0.2,-0.04
절차,1,0.5,0.0,-0.2,0.26
묶인,1,-1.0,0.0,-0.2,-0.64
숙박,1,-1.0,0.0,-1.0,-0.8
텍사스,1,0.3333,0.0,-0.2,0.16
편이,1,0.0,0.0,-0.2,-0.04
정제,1,0.3333,0.0,-0.2,0.16
설계,1,0.6667,0.0,-0.2,0.36
유조선,1,0.0,0.0,-1.0,-0.2
타르,1,-1.0,0.0,-1.0,-0.8
사리,1,-1.0,0.0,-0.2,-0.64
알홀마,1,-1.0,0.0,-1.0,-0.8
능력,1,0.8462,0.0,-0.2,0.4677
완화,1,-1.0,0.0,-0.2,-0.64
디자인,1,0.8,0.0,-1.0,0.28
비롯,1,0.0,0.0,-0.2,-0.04
나스닥,1,0.5,0.0,-0.3333,0.2333
북유럽,1,0.75,0.0,-0.2,0.41
종목,1,0.3333,0.0,-0.2,0.16
환매,1,-1.0,0.0,-1.0,-0.8
분배,1,0.0,0.0,-0.2,-0.04
자본금,1,0.0,0.0,-0.6,-0.12
적립금,1,-1.0,0.0,-0.2,-0.64
부다페스트,1,-1.0,0.0,-1.0,-0.8
헝가리,1,0.3333,0.0,-0.2,0.16
졸탄,1,-1.0,0.0,-0.2,-0.64
리플,1,0.0,0.0,-0.2,-0.04
법인,1,0.5,0.0,0.0,0.3
담당,1,0.5,0.0,-0.2,0.26
이사,1,0.8182,0.0,0.0,0.4909
에어로,1,-1.0,0.0,-0.2,-0.64
오가다,1,0.0,0.0,-0.2,-0.04
케스코사,1,-1.0,0.0,-1.0,-0.8
광고,1,0.6,0.0,-1.0,0.16
다양하다,1,0.3333,0.0,-0.2,0.16
복합,1,0.0,0.0,-0.6,-0.12
프로파일,1,-1.0,0.0,0.0,-0.6
튜브,1,-1.0,0.0,-0.2,-0.64
재소,1,-1.0,0.0,-0.2,-0.64
이쿠,1,-1.0,0.0,-0.2,-0.64
창업,1,0.0,0.0,-0.2,-0.04
임원,1,0.0,0.0,-0.2,-0.04
가운데,1,-1.0,0.0,-0.2,-0.64
선사,1,0.0,0.0,-0.2,-0.04
설상가상,1,-1.0,0.0,-0.2,-0.64
유가,1,-1.0,0.0,-0.2,-0.64
가스,1,0.6,0.0,0.6,0.48
씨름,1,-1.0,0.0,-1.0,-0.8
소액,1,-1.0,0.0,-1.0,-0.8
리스크,1,-1.0,0.0,0.0,-0.6
끝나다,1,0.3333,0.0,0.0,0.2
목소리,1,-1.0,0.0,-0.2,-0.64
일본,1,0.8182,0.0,-0.2,0.4509
게베릿,1,-1.0,0.0,-0.2,-0.64
악조건,1,-1.0,0.0,0.6,-0.48
국적,1,0.0,0.0,-1.0,-0.2
단지,1,0.3333,0.0,-0.6,0.08
에어버스,1,0.6,0.0,0.0,0.36
협회,1,0.7143,0.0,-0.2,0.3886
자료,1,0.5,0.0,-0.2,0.26
여개,1,-1.0,0.0,-0.2,-0.64
소규모,1,0.3333,0.0,-0.2,0.16
회원,1,0.75,0.0,-0.2,0.41
프랭클린,1,-1.0,0.0,-0.2,-0.64
리소스,1,0.0,0.0,-1.0,-0.2
주식회사,1,0.7778,0.0,-0.2,0.4267
컨테이너,1,0.6667,0.0,-0.2,0.36
화물차,1,-1.0,0.0,0.5556,-0.4889
해상,1,0.7143,0.0,-1.0,0.2286
예금,1,-1.0,0.0,-0.2,-0.64
탐사,1,-1.0,0.0,-0.2,-0.64
이스트,1,-1.0,0.0,-1.0,-0.8
당하다,1,-1.0,0.0,0.5,-0.5
라헤,1,-1.0,0.0,-0.2,-0.64
추후,1,-1.0,0.0,-0.2,-0.64
단기간,1,-1.0,0.0,-0.2,-0.64
한편,1,0.5,0.0,-0.2,0.26
유하,1,0.0,0.0,-0.2,-0.04
우스,1,0.3333,0.0,0.0,0.2
정관,1,-1.0,0.0,-0.2,-0.64
중재,1,0.0,0.0,-1.0,-0.2
의견,1,-1.0,0.0,-1.0,-0.8
다르다,1,-1.0,0.0,0.0,-0.6
중부,1,0.5,0.0,0.5,0.4
각각,1,0.913,0.0,-1.0,0.3478
일정,1,0.0,0.0,-0.2,-0.04
의미,1,0.6,0.0,-1.0,0.16
정규직,1,-1.0,0.0,-0.2,-0.64
가량,1,-1.0,0.0,-0.2,-0.64
연금,1,0.3333,0.0,-0.6,0.08
약정,1,0.0,0.0,-0.2,-0.04
충당,1,0.0,0.0,-0.2,-0.04
자다,1,0.875,0.0,-1.0,0.325
야르벤파,1,-1.0,0.0,-0.2,-0.64
훌라,1,-1.0,0.0,-0.2,-0.64
케아,1,-1.0,0.0,-0.2,-0.64
적용,1,0.6,0.0,-0.2,0.32
비바,1,0.75,0.0,-0.2,0.41
석고,1,-1.0,0.0,-0.2,-0.64
연못,1,-1.0,0.0,-0.6,-0.72
추다,1,0.8333,0.0,-0.6,0.38
다트포드,1,-1.0,0.0,-1.0,-0.8
여건,1,-1.0,0.0,-0.2,-0.64
건의,1,0.3333,0.0,-1.0,-0.0
글래스,1,-1.0,0.0,-0.2,-0.64
부가가치세,1,0.0,0.0,0.0,0.0
부가세,1,0.0,0.0,0.0,0.0
활용,1,0.7778,0.0,0.7143,0.6095
아시아,1,0.8571,0.0,-0.6,0.3943
컴포넌트,1,0.5,0.0,0.2962223907940337,0.3592
크리스마스,1,-1.0,0.0,0.0,-0.6
티아,1,0.6667,0.0,-0.2,0.36
자산운용,1,0.0,0.0,0.3,0.06
여전하다,1,0.7778,0.0,-0.2,0.4267
개편,1,0.0,0.0,-1.0,-0.2
일환,1,0.75,0.0,-0.2,0.41
타다,1,0.5,0.0,-1.0,0.1
핀턴,1,-1.0,0.0,-0.2,-0.64
근로,1,0.0,0.0,-1.0,-0.2
본의,1,0.0,0.0,-0.2,-0.04
스톡,1,0.6,0.0,-0.3333,0.2933
프랜차이즈,1,-1.0,0.0,0.0,-0.6
나이키,1,-1.0,0.0,-1.0,-0.8
폐쇄했다,1,-1.0,0.0,-1.0,-0.8
일부인,1,0.0,0.0,-0.2,-0.04
고위,1,-1.0,0.0,-0.2,-0.64
이프,1,-1.0,0.0,0.0,-0.6
피앤,1,-1.0,0.0,-0.2,-0.64
손해,1,0.3333,0.0,-0.2,0.16
커크코눔미,1,-1.0,0.0,-0.2,-0.64
발라,1,-1.0,0.0,-0.2,-0.64
감지,1,0.0,0.0,-0.6,-0.12
임대,1,0.75,0.0,-1.0,0.25
인정,1,0.3333,0.0,0.3333,0.2666
자체,1,0.5,0.0,-0.2,0.26
수돗물,1,-1.0,0.0,-1.0,-0.8
양잿물,1,-1.0,0.0,-0.2,-0.64
유출,1,-1.0,0.0,-0.2,-0.64
홍콩,1,0.3333,0.0,-1.0,-0.0
루오,1,0.3333,0.0,-0.6,0.08
카탈,1,0.3333,0.0,-0.2,0.16
크로나,1,0.0,0.0,-0.2,-0.04
확실하다,1,0.3333,0.0,-0.2,0.16
비율,1,0.3333,0.0,-0.6,0.08
이용,1,0.6,0.0,-0.2,0.32
리코,1,0.0,0.0,-1.0,-0.2
스키,1,0.5,0.0,-0.027572992023039315,0.2945
로이터,1,-1.0,0.0,-1.0,-0.8
네트웍,1,0.7143,0.0,-0.2,0.3886
내기,1,-1.0,0.0,-0.2,-0.64
급등,1,0.5,0.0,-0.2,0.26
개발도상국,1,0.0,0.0,-0.2,-0.04
급속하다,1,0.3333,0.0,-0.2,0.16
산업화,1,0.0,0.0,-1.0,-0.2
버전,1,0.0,0.0,-0.2,-0.04
요금,1,-1.0,0.0,-0.2,-0.64
주장,1,0.3333,0.0,-1.0,-0.0
경쟁자,1,-1.0,0.0,0.5425289422212995,-0.4915
랜드,1,-1.0,0.0,-0.5,-0.7
폰세,1,0.75,0.0,-1.0,0.25
세르베루스,1,-1.0,0.0,-1.0,-0.8
엇갈리다,1,-1.0,0.0,-0.2,-0.64
포르사시,1,-1.0,0.0,-0.2,-0.64
해운회사,1,-1.0,0.0,0.0,-0.6
솔리디움,1,0.0,0.0,-0.2,-0.04
보수,1,0.8,0.0,-0.6,0.36
용품,1,0.7778,0.0,-0.2,0.4267
메르,1,0.5,0.0,-0.2,0.26
프랑스,1,0.3333,0.0,-1.0,-0.0
제약회사,1,0.3333,0.0,0.6,0.32
마치,1,-1.0,0.0,-0.2,-0.64
차원,1,-1.0,0.0,-0.6,-0.72
감축된,1,-1.0,0.0,-1.0,-0.8
엠리얼,1,-1.0,0.0,-0.2,-0.64
빌다,1,-1.0,0.0,-0.2,-0.64
링햄,1,-1.0,0.0,-0.6,-0.72
암모니아,1,-1.0,0.0,-1.0,-0.8
잉스,1,-1.0,0.0,-0.2,-0.64
협의,1,-1.0,0.0,-0.2,-0.64
쿠릴,1,-1.0,0.0,-1.0,-0.8
즉시,1,-1.0,0.0,-1.0,-0.8
네덜란드,1,0.0,0.0,-0.5333007086102141,-0.1067
암스테르담,1,-1.0,0.0,-0.2,-0.64
사무소,1,0.5,0.0,-0.39960080830295897,0.2201
상처리,1,-1.0,0.0,0.0,-0.6
물류,1,0.7143,0.0,-0.2,0.3886
근무,1,-1.0,0.0,-1.0,-0.8
이르다,1,0.75,0.0,-0.2,0.41
부터,1,-1.0,0.0,-0.2,-0.64
소비,1,0.6667,0.0,0.3333,0.4667
업데이트,1,0.6,0.0,-0.2,0.32
내내,1,-1.0,0.0,-0.2,-0.64
이하,1,0.0,0.0,-0.2,-0.04
침해,1,-1.0,0.0,-0.2,-0.64
사고,1,-1.0,0.0,-0.6,-0.72
하드웨어,1,0.0,0.0,0.0,0.0
건축,1,-1.0,0.0,-0.2,-0.64
북미,1,0.8,0.0,-0.2,0.44
재고,1,0.3333,0.0,-0.2,0.16
보여주다,1,0.0,0.0,-0.2,-0.04
마지막,1,-1.0,0.0,-0.2,-0.64
연속,1,0.6,0.0,-0.2,0.32
햄프셔,1,-1.0,0.0,-0.2,-0.64
업계,1,0.6,0.0,-0.2,0.32
도전,1,0.0,0.0,-0.2,-0.04
정도,1,0.6,0.0,-0.2,0.32
국가채무,1,-1.0,0.0,-1.0,-0.8
갚다,1,-1.0,0.0,-0.2,-0.64
아프다,1,-1.0,0.0,-0.2,-0.64
대주,1,-1.0,0.0,-0.2,-0.64
사가,1,0.0,0.0,-0.2,-0.04
대여,1,0.0,0.0,-0.2,-0.04
리타,1,-1.0,0.0,-0.2,-0.64
더하다,1,-1.0,0.0,-0.2,-0.64
발리다,1,-1.0,0.0,0.0,-0.6
출전,1,-1.0,0.0,-0.2,-0.64
노사,1,-1.0,0.0,-0.2,-0.64
돌입,1,-1.0,0.0,-0.6,-0.72
아로카루,1,-1.0,0.0,-0.2,-0.64
컴퓨터,1,0.5,0.0,-0.2,0.26
합계,1,-1.0,0.0,-0.2,-0.64
누르다,1,-1.0,0.0,-0.2,-0.64
사라지다,1,-1.0,0.0,-0.39428,-0.6789
법인세,1,0.0,0.0,0.5,0.1
재작년,1,-1.0,0.0,0.4545,-0.5091
라모,1,0.6,0.0,-0.2,0.32
송유관,1,-1.0,0.0,-0.2,-0.64
수십,1,0.0,0.0,-0.2,-0.04
달리,1,0.0,0.0,-0.2,-0.04
포스,1,-1.0,0.0,0.0,-0.6
메스,1,-1.0,0.0,-1.0,-0.8
구글,1,0.0,0.0,-0.2,-0.04
캐시,1,-1.0,0.0,-0.2,-0.64
광고주,1,-1.0,0.0,0.6,-0.48
수천,1,-1.0,0.0,-0.2,-0.64
데려가다,1,-1.0,0.0,-0.2,-0.64
북해,1,-1.0,0.0,-0.2,-0.64
원유,1,-1.0,0.0,-1.0,-0.8
난제,1,-1.0,0.0,-1.0,-0.8
막다,1,-1.0,0.0,-0.2,-0.64
엔지니어링,1,0.875,0.0,-0.2,0.485
형성,1,0.0,0.0,-0.2,-0.04
포드,1,-1.0,0.0,-1.0,-0.8
트럭,1,0.3333,0.0,-0.2,0.16
최신,1,0.5,0.0,-0.2,0.26
직면,1,-1.0,0.0,-1.0,-0.8
피어,1,-1.0,0.0,-0.2,-0.64
푸조,1,-1.0,0.0,-0.6,-0.72
그치다,1,0.0,0.0,-0.9250601610101861,-0.185
제약,1,0.6,0.0,0.6,0.48
연구개발,1,0.3333,0.0,0.3333,0.2666
금융위기,1,-1.0,0.0,-1.0,-0.8
가깝다,1,0.6,0.0,-0.2,0.32
화이트칼라,1,-1.0,0.0,-1.0,-0.8
하반기,1,0.0,0.0,-0.2,-0.04
덴마크,1,0.7778,0.0,-0.2,0.4267
핀란드어,1,-1.0,0.0,-0.21168728019243677,-0.6423
현저,1,-1.0,0.0,-0.2,-0.64
세인트폴,1,-1.0,0.0,-0.2,-0.64
패치,1,-1.0,0.0,-0.6,-0.72
샤블릭,1,-1.0,0.0,-0.2,-0.64
에릭,1,-1.0,0.0,-0.2,-0.64
슐츠,1,-1.0,0.0,-0.2,-0.64
책임자,1,0.8333,0.0,-0.2,0.46
정말,1,-1.0,0.0,-0.2,-0.64
끔찍하다,1,-1.0,0.0,-0.2,-0.64
원래,1,-1.0,0.0,-0.2,-0.64
메스꺼움,1,-1.0,0.0,-1.0,-0.8
부작용,1,-1.0,0.0,-0.2,-0.64
자퇴,1,-1.0,0.0,-0.2,-0.64
카드,1,0.0,0.0,-0.2,-0.04
접근,1,0.75,0.0,-0.2,0.41
순서,1,-1.0,0.0,-0.2,-0.64
숫자,1,-1.0,0.0,-0.2,-0.64
논리,1,-1.0,0.0,-0.2,-0.64
약점,1,-1.0,0.0,-0.2,-0.64
윈드,1,-1.0,0.0,-0.2,-0.64
펠스,1,-1.0,0.0,-0.2,-0.64
팔디스키,1,-1.0,0.0,-0.027572992023039315,-0.6055
스타,1,0.75,0.0,0.0615483224731656,0.4623
호의,1,0.0,0.0,-0.2,-0.04
이례,1,-1.0,0.0,-0.2,-0.64
로저,1,-1.0,0.0,-0.2,-0.64
탈레르모,1,-1.0,0.0,-0.2,-0.64
전보,1,-1.0,0.0,-1.0,-0.8
논평,1,-1.0,0.0,-0.2,-0.64
상무이사,1,0.0,0.0,0.1862961565160034,0.0373
대형주,1,-1.0,0.0,-1.0,-0.8
학습,1,-1.0,0.0,-0.6,-0.72
문학,1,-1.0,0.0,-1.0,-0.8
모건,1,0.3333,0.0,-0.2,0.16
스칼라,1,-1.0,0.0,-0.738964770493993,-0.7478
노벨,1,-1.0,0.0,-0.2,-0.64
케어,1,0.0,0.0,-0.2,-0.04
치도,1,-1.0,0.0,-0.2,-0.64
신차,1,0.0,0.0,-0.6,-0.12
상용차,1,-1.0,0.0,0.0,-0.6
머물다,1,-1.0,0.0,-1.0,-0.8
대세,1,-1.0,0.0,-0.2,-0.64
저항,1,-1.0,0.0,-0.2,-0.64
세로,1,0.0,0.0,-0.2,-0.04
치인,1,-1.0,0.0,-0.2,-0.64
돌아서다,1,0.5,0.0,-0.2,0.26
강도,1,-1.0,0.0,-0.2,-0.64
긍정,1,0.9091,0.0,-0.2,0.5055
명백하다,1,-1.0,0.0,-0.2,-0.64
페니,1,-1.0,0.0,-0.2,-0.64
케스코그룹,1,-1.0,0.0,-1.0,-0.8
충성,1,-1.0,0.0,-0.6,-0.72
팔레,1,0.0,0.0,-0.2,-0.04
케르,1,0.5,0.0,-1.0,0.1
안전지대,1,-1.0,0.0,-1.0,-0.8
로얄,1,-1.0,0.0,-0.2,-0.64
얼라이언스,1,-1.0,0.0,-0.14284999999999998,-0.6286
먹구름,1,-1.0,0.0,0.0,-0.6
드리우다,1,-1.0,0.0,-0.2,-0.64
실험실,1,-1.0,0.0,-0.2,-0.64
기구,1,-1.0,0.0,-0.2,-0.64
벨라루스,1,-1.0,0.0,-1.0,-0.8
리드스코,1,0.0,0.0,-0.2,-0.04
피보,1,0.0,0.0,-0.2,-0.04
양조장,1,0.3333,0.0,-1.0,-0.0
데칼,1,-1.0,0.0,-0.2,-0.64
관계자,1,0.0,0.0,0.7778000000000002,0.1556
버건디,1,-1.0,0.0,-0.2,-0.64
닛산,1,-1.0,0.0,-1.0,-0.8
알티,1,0.0,0.0,-0.2,-0.04
마르다,1,-1.0,0.0,-1.0,-0.8
언론,1,0.0,0.0,-0.2,-0.04
자문,1,0.0,0.0,-1.0,-0.2
후속,1,-1.0,0.0,-0.2,-0.64
열차,1,-1.0,0.0,-0.6,-0.72
탐지,1,0.0,0.0,-0.2,-0.04
헐다,1,0.0,0.0,-0.2,-0.04
고장,1,-1.0,0.0,-0.2,-0.64
폭설,1,-1.0,0.0,-0.2,-0.64
선의,1,-1.0,0.0,-1.0,-0.8
나무,1,0.0,0.0,-0.2,-0.04
쓰러지다,1,-1.0,0.0,-0.39428,-0.6789
전기,1,0.6667,0.0,0.0,0.4
끊기다,1,-1.0,0.0,-0.2,-0.64
수오무살미,1,-1.0,0.0,-0.0909,-0.6182
쿠흐모,1,-1.0,0.0,-0.2,-0.64
메소,1,0.6,0.0,-0.2,0.32
합판,1,0.0,0.0,-0.2,-0.04
그로드노,1,-1.0,0.0,0.0,-0.6
아내,1,-1.0,0.0,-0.2,-0.64
그만두다,1,-1.0,0.0,-0.2,-0.64
웍스,1,-1.0,0.0,-0.2,-0.64
청산,1,-1.0,0.0,-0.2,-0.64
검찰,1,-1.0,0.0,-0.6,-0.72
우토쿰푸,1,0.3333,0.0,0.0,0.2
도록,1,-1.0,0.0,-0.2,-0.64
요구,1,0.3333,0.0,-0.2,0.16
에르,1,0.7143,0.0,-0.2,0.3886
폴란드,1,0.6667,0.0,-0.6279652591801324,0.2744
넘어가다,1,-1.0,0.0,-0.2,-0.64
화가,1,-1.0,0.0,-0.2,-0.64
바비큐,1,-1.0,0.0,-0.2,-0.64
시즌,1,-1.0,0.0,-0.2,-0.64
좋다,1,0.8947,0.0,-1.0,0.3368
시간제,1,-1.0,0.0,-0.2,-0.64
컨설턴트,1,0.3333,0.0,-0.2,0.16
범위,1,0.7143,0.0,0.7143,0.5714
메일,1,-1.0,0.0,-0.2,-0.64
모방,1,-1.0,0.0,-0.2,-0.64
개인,1,0.6667,0.0,-0.2,0.36
검색,1,0.0,0.0,-0.2,-0.04
가짜,1,-1.0,0.0,-0.2,-0.64
바이킹,1,0.7778,0.0,0.44350275757429936,0.5554
부지,1,0.3333,0.0,-1.0,-0.0
도둑,1,-1.0,0.0,-0.2,-0.64
무용,1,-1.0,0.0,-0.2,-0.64
마르텔,1,0.6667,0.0,-0.2,0.36
짜다,1,0.3333,0.0,-0.6,0.08
컴퍼니,1,-1.0,0.0,-1.0,-0.8
비싸다,1,0.0,0.0,-1.0,-0.2
액체,1,0.3333,0.0,-1.0,-0.0
일상,1,-1.0,0.0,-1.0,-0.8
논쟁,1,-1.0,0.0,-1.0,-0.8
오브,1,0.0,0.0,-0.2,-0.04
아메리카,1,0.3333,0.0,-0.33335000000000004,0.1333
보파,1,-1.0,0.0,-1.0,-0.8
라우트,1,0.7143,0.0,0.058800000000000005,0.4403
트윗,1,-1.0,0.0,-1.0,-0.8
활성화,1,0.3333,0.0,-0.2,0.16
해킹,1,-1.0,0.0,-1.0,-0.8
악랄하다,1,-1.0,0.0,-0.2,-0.64
서퍼,1,-1.0,0.0,-1.0,-0.8
위로,1,-1.0,0.0,-0.2,-0.64
마우스,1,0.0,0.0,0.3333,0.0667
커서,1,-1.0,0.0,-0.2,-0.64
옮기다,1,-1.0,0.0,-0.2,-0.64
임업,1,0.5,0.0,-1.0,0.1
불확실하다,1,-1.0,0.0,-1.0,-0.8
계기,1,-1.0,0.0,-0.2,-0.64
코팅,1,0.6,0.0,-0.2,0.32
잡지,1,0.3333,0.0,-1.0,-0.0
고등법원,1,-1.0,0.0,0.0,-0.6
아스팔트,1,-1.0,0.0,0.0,-0.6
사자,1,-1.0,0.0,0.0,-0.6
자재,1,-1.0,0.0,0.2,-0.56
바닥나다,1,-1.0,0.0,-0.5,-0.7
군도,1,-1.0,0.0,-0.2,-0.64
바로,1,0.0,0.0,-0.2,-0.04
외곽,1,-1.0,0.0,-0.2,-0.64
요청,1,0.3333,0.0,-1.0,-0.0
선언,1,-1.0,0.0,-1.0,-0.8
무효,1,-1.0,0.0,-0.2,-0.64
터미널,1,0.3333,0.0,-0.2,0.16
복잡하다,1,0.0,0.0,-0.2,-0.04
운용,1,0.0,0.0,0.0,0.0
어렵다,1,-1.0,0.0,-0.2,-0.64
엔화,1,-1.0,0.0,-0.2,-0.64
골드만삭스,1,0.0,0.0,-1.0,-0.2
쪽지,1,-1.0,0.0,-0.2,-0.64
반발,1,-1.0,0.0,-0.2,-0.64
일으키다,1,-1.0,0.0,-0.2,-0.64
경비,1,-1.0,0.0,-0.2,-0.64
검문소,1,-1.0,0.0,-1.0,-0.8
준비,1,0.6,0.0,-0.2,0.32
철도,1,0.6,0.0,-0.6,0.24
차량,1,0.0,0.0,-0.2,-0.04
니코,1,-1.0,0.0,-0.2,-0.64
그러하다,1,0.0,0.0,-0.2,-0.04
성은,1,0.3333,0.0,-1.0,-0.0
흐리다,1,-1.0,0.0,-0.2,-0.64
체인점,1,0.3333,0.0,-0.2,0.16
김위,1,-1.0,0.0,-0.2,-0.64
상무,1,0.3333,0.0,-0.49349186362465963,0.1013
내려가다,1,-1.0,0.0,-0.2,-0.64
사업자,1,0.875,0.0,-0.2,0.485
등록부,1,0.0,0.0,-0.2,-0.04
오포,1,-1.0,0.0,-1.0,-0.8
돌체앤가바나,1,-1.0,0.0,-0.2,-0.64
무늬,1,-1.0,0.0,-0.2,-0.64
부진,1,0.0,0.0,-1.0,-0.2
조선업,1,-1.0,0.0,0.0,-0.6
대책,1,-1.0,0.0,-0.2,-0.64
무력하다,1,-1.0,0.0,-0.2,-0.64
부상,1,-1.0,0.0,-0.2,-0.64
당국,1,0.3333,0.0,-0.2,0.16
북단,1,-1.0,0.0,-0.2,-0.64
페르,1,-1.0,0.0,-0.2,-0.64
메리,1,-1.0,0.0,-0.33335000000000004,-0.6667
해안,1,-1.0,0.0,-0.2,-0.64
독성,1,-1.0,0.0,-0.2,-0.64
강하다,1,0.5,0.0,-0.2,0.26
산화,1,-1.0,0.0,-0.2,-0.64
오스뮴,1,-1.0,0.0,0.0,-0.6
흔적,1,-1.0,0.0,-0.2,-0.64
승무원,1,-1.0,0.0,-0.2,-0.64
노동조합,1,-1.0,0.0,-0.4034498197898506,-0.6807
이틀,1,0.5,0.0,-0.2,0.26
서두르다,1,-1.0,0.0,-0.2,-0.64
제분,1,0.0,0.0,-1.0,-0.2
나서다,1,0.0,0.0,-1.0,-0.2
음식,1,-1.0,0.0,-1.0,-0.8
반응,1,0.0,0.0,-0.2,-0.04
관성,1,0.0,0.0,-0.2,-0.04
로우,1,-1.0,0.0,-0.2,-0.64
우의,1,-1.0,0.0,-0.6,-0.72
사장,1,0.6,0.0,-0.2,0.32
앤티,1,-1.0,0.0,-1.0,-0.8
콜라,1,-1.0,0.0,-0.3333,-0.6667
인산염,1,0.0,0.0,-0.2,-0.04
침체,1,-1.0,0.0,-0.2,-0.64
대략,1,-1.0,0.0,-0.2,-0.64
의심,1,-1.0,0.0,-0.2,-0.64
쿰푸,1,0.0,0.0,0.3333,0.0667
엠에스,1,-1.0,0.0,0.1429,-0.5714
테스트,1,0.6,0.0,-0.2,0.32
직물,1,-1.0,0.0,-0.2,-0.64
의류,1,0.8,0.0,-0.2,0.44
통합,1,0.8571,0.0,-0.2,0.4743
전반,1,0.6667,0.0,-0.2,0.36
구조,1,0.8571,0.0,0.3333,0.5809
자산,1,0.6,0.0,0.0,0.36
가난하다,1,-1.0,0.0,-0.2,-0.64
포르툼,1,0.5,0.0,-0.2,0.26
강화,1,0.8462,0.0,0.8462,0.677
스코그,1,-1.0,0.0,-1.0,-0.8
얄라,1,-1.0,0.0,-0.2,-0.64
합병,1,-1.0,0.0,-0.2,-0.64
아우,1,0.6,0.0,0.0,0.36
난관,1,0.0,0.0,-1.0,-0.2
봉착,1,-1.0,0.0,-1.0,-0.8
엘리사,1,0.8182,0.0,-0.2,0.4509
사미,1,0.0,0.0,-0.2,-0.04
세파넨,1,-1.0,0.0,-0.2,-0.64
슬로건,1,-1.0,0.0,-1.0,-0.8
전역,1,0.0,0.0,-0.2,-0.04
오해,1,-1.0,0.0,-0.2,-0.64
소지,1,-1.0,0.0,-0.2,-0.64
견해,1,-1.0,0.0,-0.2,-0.64
동의,1,-1.0,0.0,-0.2,-0.64
분명하다,1,0.3333,0.0,-0.2,0.16
개설,1,0.0,0.0,-0.2,-0.04
연기,1,-1.0,0.0,-0.2,-0.64
여름,1,0.6,0.0,-0.2,0.32
쏘다,1,-1.0,0.0,-1.0,-0.8
대안,1,-1.0,0.0,-0.2,-0.64
마련,1,0.5,0.0,-0.2,0.26
다섯,1,-1.0,0.0,-0.2,-0.64
약국,1,0.3333,0.0,-1.0,-0.0
중이,1,0.3333,0.0,-0.2,0.16
접다,1,-1.0,0.0,-0.2,-0.64
일이,1,-1.0,0.0,-1.0,-0.8
수화기,1,-1.0,0.0,-1.0,-0.8
어색하다,1,-1.0,0.0,-0.2,-0.64
메이플,1,-1.0,0.0,-0.2,-0.64
애비뉴,1,-1.0,0.0,-0.2,-0.64
남성,1,-1.0,0.0,-0.2,-0.64
납치,1,-1.0,0.0,-0.2,-0.64
전원,1,-1.0,0.0,-1.0,-0.8
남자,1,-1.0,0.0,-0.2,-0.64
찾다,1,0.5,0.0,-0.2,0.26
코호넨,1,-1.0,0.0,-0.2,-0.64
라핀,1,-1.0,0.0,-0.2,-0.64
칸사,1,-1.0,0.0,-1.0,-0.8
신문,1,0.3333,0.0,-1.0,-0.0
편집장,1,-1.0,0.0,-0.2,-0.64
해임,1,-1.0,0.0,-0.2,-0.64
분소,1,0.7143,0.0,-0.2,0.3886
이탈,1,0.0,0.0,0.0,0.0
사무,1,0.0,0.0,-0.25,-0.05
예비,1,0.5,0.0,-0.2,0.26
절약,1,0.5,0.0,-0.2,0.26
바하,1,0.6,0.0,-0.2,0.32
노동,1,0.0,0.0,-1.0,-0.2
블랙베리,1,-1.0,0.0,-0.2,-0.64
힘들다,1,-1.0,0.0,-0.41665,-0.6833
스트레스,1,-1.0,0.0,-0.2,-0.64
고로,1,-1.0,0.0,-0.2,-0.64
원하다,1,0.0,0.0,-1.0,-0.2
종업원,1,0.0,0.0,-0.2,-0.04
동시,1,0.6667,0.0,-0.2,0.36
올리다,1,0.875,0.0,-0.2,0.485
페카,1,0.3333,0.0,-0.2,0.16
칼라스,1,-1.0,0.0,-0.7498835645624393,-0.75
부다,1,-1.0,0.0,-1.0,-0.8
애플,1,0.0,0.0,-1.0,-0.2
아이폰,1,-1.0,0.0,0.0,-0.6
밀리다,1,-1.0,0.0,-0.2,-0.64
교섭,1,-1.0,0.0,-0.2,-0.64
영진,1,0.5,0.0,-0.2,0.26
교체,1,-1.0,0.0,-1.0,-0.8
삭감,1,0.0,0.0,-0.2,-0.04
베르크,1,-1.0,0.0,0.0,-0.6
비스트,1,-1.0,0.0,-0.2,-0.64
의장,1,0.3333,0.0,-0.2,0.16
위원,1,-1.0,0.0,0.3333,-0.5333
사임,1,-1.0,0.0,-0.2,-0.64
동석,1,0.0,0.0,-0.2,-0.04
리키,1,-1.0,0.0,-0.2,-0.64
케르만,1,-1.0,0.0,0.5,-0.5
사비,1,-1.0,0.0,-0.2,-0.64
국외,1,-1.0,0.0,-0.2,-0.64
